prod.stor.cap_mm,inter.exch.coeff_mm.d,rout.stor.cap_mm,unit.hyd.time.cons_d
270.426407426153,0.201336002541094,10.3812365627318,2.9496996996997
