skillscore,skillscore.sd,var
-0.122039832253503,0.00914565687216774,wupper_q
0.0510398372798662,0.0139819151224824,surftemp
0.54720982888584,0.0165813876210791,bottemp
