skillscore,skillscore.sd,var
0.125217344974391,0.0136822913340232,wupper_q
0.653301781175599,0.0133318429274818,surftemp
0.403403384082848,0.0174427449494195,bottemp
