prod.stor.cap_mm,inter.exch.coeff_mm.d,rout.stor.cap_mm,unit.hyd.time.cons_d
173.052059504909,-2.09439250897027,27.4140469039039,1.99952598174564
