,Variable,met_included,mean_CC,mean_rmse,mean_class_error,mean_mcc,mean_ROC_AUC
0,TP,era5,0.5771812150148461,3.9158413008020134,0.3256410256410256,0.34213446667466263,0.6694444444444445
1,TP,nomet,0.5771812150148461,3.9158413008020134,0.3256410256410256,0.34213446667466263,0.6694444444444445
2,chla,era5,0.5678923623029201,4.592084198201294,0.27692307692307694,0.21938703633281115,0.5891233766233767
3,chla,nomet,0.5296356796142685,4.75078090298032,0.3038461538461538,0.11641519496300823,0.5441558441558443
4,colour,era5,0.8338296061442051,9.002310019628307,0.2346153846153846,0.4611305649742804,0.725
5,colour,nomet,0.8188363484304473,9.36037929043177,0.23076923076923075,0.4714045207910316,0.7307692307692306
6,cyano,era5,0.6215853300924781,0.9958301060475258,0.18541666666666667,0.6368009008479489,0.8187062937062937
7,cyano,nomet,0.6741386911627337,0.9502044173822691,0.125,0.777619915280231,0.8846153846153845
