skillscore,skillscore.sd,var
0.0248591040462428,0.00789195892550283,wupper_q
0.0170881502890174,0.0121779837294102,surftemp
0.0276878612716763,0.0129270906047603,bottemp
