skillscore,skillscore.sd,var
0.125217344974391,0.0136822913340232,wupper_q
0.644307452588828,0.0136951925742359,surftemp
0.341354216197288,0.018480418252545,bottemp
