skillscore,skillscore.sd,var
-0.122039832253503,0.00914565687216774,wupper_q
0.044105305661528,0.015412244457851,surftemp
0.513483755631621,0.0164062500846688,bottemp
