skillscore,skillscore.sd,var
0.0715296289449631,0.0129542872371664,wupper_q
0.746608521359885,0.0117525348931424,surftemp
0.704893684978074,0.0124763053395465,bottemp
