skillscore,skillscore.sd,var
0.0248591040462428,0.00789195892550283,wupper_q
0.00386199421965316,0.0135630902994203,surftemp
0.026239161849711,0.013938922262522,bottemp
