skillscore,skillscore.sd,var
0.19433729782414,0.0154798107095931,wupper_q
0.652569995315372,0.0140744267991323,surftemp
0.529522477669704,0.0152247235909931,bottemp
