skillscore,skillscore.sd,var
0.0715296289449631,0.0129542872371664,wupper_q
0.743172886862276,0.0115315995632698,surftemp
0.703095261080472,0.0124216394253799,bottemp
